metric,k_break
K01,1.6458333333333333
LZ,1.4166666666666665
RR,1.4166666666666665
DEPH,2.7916666666666665
IFSP,1.875
